{"0": "Phenix City, Alabama", "1": "Vestavia Hills, Alabama", "2": "Apache Junction, Arizona", "3": "Bullhead City, Arizona", "4": "Casa Grande, Arizona", "5": "El Mirage, Arizona", "6": "Lake Havasu City, Arizona", "7": "Oro Valley, Arizona", "8": "Prescott Valley, Arizona", "9": "Sierra Vista, Arizona", "10": "Fort Smith, Arkansas", "11": "Hot Springs, Arkansas", "12": "Little Rock, Arkansas", "13": "North Little Rock, Arkansas", "14": "Pine Bluff, Arkansas", "15": "Aliso Viejo, California", "16": "Apple Valley, California", "17": "Baldwin Park, California", "18": "Bell Gardens, California", "19": "Beverly Hills, California", "20": "Buena Park, California", "21": "Cathedral City, California", "22": "Chino Hills, California", "23": "Chula Vista, California", "24": "Citrus Heights, California", "25": "Costa Mesa, California", "26": "Culver City, California", "27": "Daly City, California", "28": "Dana Point, California", "29": "Diamond Bar, California", "30": "El Cajon, California", "31": "El Centro, California", "32": "El Monte, California", "33": "Foster City, California", "34": "Fountain Valley, California", "35": "Garden Grove, California", "36": "Huntington Beach, California", "37": "Huntington Park, California", "38": "Laguna Hills, California", "39": "Laguna Niguel, California", "40": "La Habra, California", "41": "Lake Elsinore, California", "42": "Lake Forest, California", "43": "La Mesa, California", "44": "La Mirada, California", "45": "La Puente, California", "46": "La Verne, California", "47": "Long Beach, California", "48": "Los Angeles, California", "49": "Los Banos, California", "50": "Manhattan Beach, California", "51": "Menlo Park, California", "52": "Mission Viejo, California", "53": "Monterey Park, California", "54": "Moreno Valley, California", "55": "Morgan Hill, California", "56": "Mountain View, California", "57": "National City, California", "58": "Newport Beach, California", "59": "Palm Desert, California", "60": "Palm Springs, California", "61": "Palo Alto, California", "62": "Pico Rivera, California", "63": "Pleasant Hill, California", "64": "Rancho Cordova, California", "65": "Rancho Cucamonga, California", "66": "Rancho Palos Verdes, California", "67": "Rancho Santa Margarita, California", "68": "Redondo Beach, California", "69": "Redwood City, California", "70": "Rohnert Park, California", "71": "San Bernardino, California", "72": "San Bruno, California", "73": "San Diego, California", "74": "San Dimas, California", "75": "San Francisco, California", "76": "San Gabriel, California", "77": "San Jacinto, California", "78": "San Jose, California", "79": "San Leandro, California", "80": "San Luis Obispo, California", "81": "San Marcos, California", "82": "San Mateo, California", "83": "San Rafael, California", "84": "San Ramon, California", "85": "Santa Ana, California", "86": "Santa Barbara, California", "87": "Santa Clara, California", "88": "Santa Clarita, California", "89": "Santa Cruz, California", "90": "Santa Maria, California", "91": "Santa Monica, California", "92": "Santa Rosa, California", "93": "Simi Valley, California", "94": "South Gate, California", "95": "South San Francisco, California", "96": "Temple City, California", "97": "Thousand Oaks, California", "98": "Union City, California", "99": "Walnut Creek, California", "100": "West Covina, California", "101": "West Hollywood, California", "102": "West Sacramento, California", "103": "Yorba Linda, California", "104": "Yuba City, California", "105": "Castle Rock, Colorado", "106": "Colorado Springs, Colorado", "107": "Commerce City, Colorado", "108": "Fort Collins, Colorado", "109": "Grand Junction, Colorado", "110": "Wheat Ridge, Colorado", "111": "New Haven, Connecticut", "112": "West Haven, Connecticut", "113": "Washington, District of Columbia", "114": "Altamonte Springs, Florida", "115": "Boca Raton, Florida", "116": "Bonita Springs, Florida", "117": "Boynton Beach, Florida", "118": "Cape Coral, Florida", "119": "Coconut Creek, Florida", "120": "Coral Gables, Florida", "121": "Coral Springs, Florida", "122": "Cutler Bay, Florida", "123": "Deerfield Beach, Florida", "124": "Delray Beach, Florida", "125": "Fort Lauderdale, Florida", "126": "Fort Myers, Florida", "127": "Fort Pierce, Florida", "128": "Hallandale Beach, Florida", "129": "Lake Worth, Florida", "130": "Miami Beach, Florida", "131": "Miami Gardens, Florida", "132": "North Miami, Florida", "133": "North Miami Beach, Florida", "134": "North Port, Florida", "135": "Ormond Beach, Florida", "136": "Palm Bay, Florida", "137": "Palm Beach Gardens, Florida", "138": "Palm Coast, Florida", "139": "Panama City, Florida", "140": "Pembroke Pines, Florida", "141": "Plant City, Florida", "142": "Pompano Beach, Florida", "143": "Port St. Lucie, Florida", "144": "St. Cloud, Florida", "145": "St. Petersburg, Florida", "146": "West Palm Beach, Florida", "147": "Winter Garden, Florida", "148": "Winter Haven, Florida", "149": "Winter Springs, Florida", "150": "Athens-Clarke County, Georgia", "151": "Augusta-Richmond County, Georgia", "152": "East Point, Georgia", "153": "Peachtree City, Georgia", "154": "Sandy Springs, Georgia", "155": "Warner Robins, Georgia", "156": "Boise City, Idaho", "157": "Coeur d'Alene, Idaho", "158": "Idaho Falls, Idaho", "159": "Twin Falls, Idaho", "160": "Arlington Heights, Illinois", "161": "Buffalo Grove, Illinois", "162": "Chicago Heights, Illinois", "163": "Des Plaines, Illinois", "164": "Downers Grove, Illinois", "165": "Elk Grove Village, Illinois", "166": "Mount Prospect, Illinois", "167": "Oak Lawn, Illinois", "168": "Oak Park, Illinois", "169": "Orland Park, Illinois", "170": "Park Ridge, Illinois", "171": "Rock Island, Illinois", "172": "St. Charles, Illinois", "173": "Tinley Park, Illinois", "174": "Fort Wayne, Indiana", "175": "New Albany, Indiana", "176": "South Bend, Indiana", "177": "Terre Haute, Indiana", "178": "Cedar Falls, Iowa", "179": "Cedar Rapids, Iowa", "180": "Council Bluffs, Iowa", "181": "Des Moines, Iowa", "182": "Iowa City, Iowa", "183": "Sioux City, Iowa", "184": "Kansas City, Kansas", "185": "Overland Park, Kansas", "186": "Bowling Green, Kentucky", "187": "Baton Rouge, Louisiana", "188": "Lake Charles, Louisiana", "189": "New Iberia, Louisiana", "190": "New Orleans, Louisiana", "191": "College Park, Maryland", "192": "Barnstable Town, Massachusetts", "193": "Braintree Town, Massachusetts", "194": "Fall River, Massachusetts", "195": "Franklin Town, Massachusetts", "196": "New Bedford, Massachusetts", "197": "Weymouth Town, Massachusetts", "198": "Ann Arbor, Michigan", "199": "Battle Creek, Michigan", "200": "Bay City, Michigan", "201": "Dearborn Heights, Michigan", "202": "East Lansing, Michigan", "203": "Farmington Hills, Michigan", "204": "Grand Rapids, Michigan", "205": "Lincoln Park, Michigan", "206": "Port Huron, Michigan", "207": "Rochester Hills, Michigan", "208": "Royal Oak, Michigan", "209": "St. Clair Shores, Michigan", "210": "Sterling Heights, Michigan", "211": "Apple Valley, Minnesota", "212": "Brooklyn Center, Minnesota", "213": "Brooklyn Park, Minnesota", "214": "Coon Rapids, Minnesota", "215": "Cottage Grove, Minnesota", "216": "Eden Prairie, Minnesota", "217": "Inver Grove Heights, Minnesota", "218": "Maple Grove, Minnesota", "219": "St. Cloud, Minnesota", "220": "St. Louis Park, Minnesota", "221": "St. Paul, Minnesota", "222": "Olive Branch, Mississippi", "223": "Blue Springs, Missouri", "224": "Cape Girardeau, Missouri", "225": "Jefferson City, Missouri", "226": "Kansas City, Missouri", "227": "St. Charles, Missouri", "228": "St. Joseph, Missouri", "229": "St. Louis, Missouri", "230": "St. Peters, Missouri", "231": "University City, Missouri", "232": "Butte-Silver Bow, Montana", "233": "Great Falls, Montana", "234": "Grand Island, Nebraska", "235": "Carson City, Nevada", "236": "Las Vegas, Nevada", "237": "North Las Vegas, Nevada", "238": "Concord, New Hampshire", "239": "Manchester, New Hampshire", "240": "Nashua, New Hampshire", "241": "Atlantic City, New Jersey", "242": "Bayonne, New Jersey", "243": "Camden, New Jersey", "244": "Clifton, New Jersey", "245": "East Orange, New Jersey", "246": "Elizabeth, New Jersey", "247": "Fair Lawn, New Jersey", "248": "Fort Lee, New Jersey", "249": "Garfield, New Jersey", "250": "Hackensack, New Jersey", "251": "Hoboken, New Jersey", "252": "Jersey City, New Jersey", "253": "Kearny, New Jersey", "254": "Linden, New Jersey", "255": "Newark, New Jersey", "256": "New Brunswick, New Jersey", "257": "Passaic, New Jersey", "258": "Paterson, New Jersey", "259": "Perth Amboy, New Jersey", "260": "Plainfield, New Jersey", "261": "Trenton, New Jersey", "262": "Union City, New Jersey", "263": "Vineland, New Jersey", "264": "Westfield, New Jersey", "265": "West New York, New Jersey", "266": "Alamogordo, New Mexico", "267": "Albuquerque, New Mexico", "268": "Clovis, New Mexico", "269": "Farmington, New Mexico", "270": "Hobbs, New Mexico", "271": "Las Cruces, New Mexico", "272": "Rio Rancho, New Mexico", "273": "Roswell, New Mexico", "274": "Santa Fe, New Mexico", "275": "Albany, New York", "276": "Binghamton, New York", "277": "Buffalo, New York", "278": "Hempstead, New York", "279": "Ithaca, New York", "280": "Jamestown, New York", "281": "Long Beach, New York", "282": "Mount Vernon, New York", "283": "New Rochelle, New York", "284": "New York, New York", "285": "Niagara Falls, New York", "286": "North Tonawanda, New York", "287": "Poughkeepsie, New York", "288": "Rochester, New York", "289": "Rome, New York", "290": "Schenectady, New York", "291": "Syracuse, New York", "292": "Troy, New York", "293": "Utica, New York", "294": "Valley Stream, New York", "295": "White Plains, New York", "296": "Yonkers, New York", "297": "Apex, North Carolina", "298": "Asheville, North Carolina", "299": "Burlington, North Carolina", "300": "Cary, North Carolina", "301": "Chapel Hill, North Carolina", "302": "Charlotte, North Carolina", "303": "Concord, North Carolina", "304": "Durham, North Carolina", "305": "Fayetteville, North Carolina", "306": "Gastonia, North Carolina", "307": "Goldsboro, North Carolina", "308": "Greensboro, North Carolina", "309": "Greenville, North Carolina", "310": "Hickory, North Carolina", "311": "High Point, North Carolina", "312": "Huntersville, North Carolina", "313": "Jacksonville, North Carolina", "314": "Kannapolis, North Carolina", "315": "Monroe, North Carolina", "316": "Mooresville, North Carolina", "317": "Raleigh, North Carolina", "318": "Rocky Mount, North Carolina", "319": "Salisbury, North Carolina", "320": "Wake Forest, North Carolina", "321": "Wilmington, North Carolina", "322": "Wilson, North Carolina", "323": "Winston-Salem, North Carolina", "324": "Bismarck, North Dakota", "325": "Fargo, North Dakota", "326": "Grand Forks, North Dakota", "327": "Minot, North Dakota", "328": "Bowling Green, Ohio", "329": "Cleveland Heights, Ohio", "330": "Cuyahoga Falls, Ohio", "331": "Grove City, Ohio", "332": "Huber Heights, Ohio", "333": "North Olmsted, Ohio", "334": "North Royalton, Ohio", "335": "Upper Arlington, Ohio", "336": "Broken Arrow, Oklahoma", "337": "Oklahoma City, Oklahoma", "338": "Grants Pass, Oregon", "339": "Oregon City, Oregon", "340": "Bethel Park, Pennsylvania", "341": "State College, Pennsylvania", "342": "Cranston, Rhode Island", "343": "East Providence, Rhode Island", "344": "Pawtucket, Rhode Island", "345": "Providence, Rhode Island", "346": "Warwick, Rhode Island", "347": "Woonsocket, Rhode Island", "348": "Charleston, South Carolina", "349": "Columbia, South Carolina", "350": "Florence, South Carolina", "351": "Goose Creek, South Carolina", "352": "Greenville, South Carolina", "353": "Hilton Head Island, South Carolina", "354": "Mount Pleasant, South Carolina", "355": "North Charleston, South Carolina", "356": "Rock Hill, South Carolina", "357": "Spartanburg, South Carolina", "358": "Summerville, South Carolina", "359": "Sumter, South Carolina", "360": "Rapid City, South Dakota", "361": "Sioux Falls, South Dakota", "362": "Johnson City, Tennessee", "363": "La Vergne, Tennessee", "364": "Cedar Hill, Texas", "365": "Cedar Park, Texas", "366": "College Station, Texas", "367": "Copperas Cove, Texas", "368": "Corpus Christi, Texas", "369": "Deer Park, Texas", "370": "Del Rio, Texas", "371": "El Paso, Texas", "372": "Flower Mound, Texas", "373": "Fort Worth, Texas", "374": "Grand Prairie, Texas", "375": "Haltom City, Texas", "376": "La Porte, Texas", "377": "League City, Texas", "378": "Missouri City, Texas", "379": "New Braunfels, Texas", "380": "North Richland Hills, Texas", "381": "Port Arthur, Texas", "382": "Round Rock, Texas", "383": "San Angelo, Texas", "384": "San Antonio, Texas", "385": "San Juan, Texas", "386": "San Marcos, Texas", "387": "Sugar Land, Texas", "388": "Texas City, Texas", "389": "The Colony, Texas", "390": "Wichita Falls, Texas", "391": "Cottonwood Heights, Utah", "392": "Pleasant Grove, Utah", "393": "St. George, Utah", "394": "Salt Lake City, Utah", "395": "South Jordan, Utah", "396": "Spanish Fork, Utah", "397": "West Valley City, Utah", "398": "Newport News, Virginia", "399": "Virginia Beach, Virginia", "400": "University Place, Washington", "401": "Charleston, West Virginia", "402": "Huntington, West Virginia", "403": "Parkersburg, West Virginia", "404": "Eau Claire, Wisconsin", "405": "Fond du Lac, Wisconsin", "406": "Green Bay, Wisconsin", "407": "La Crosse, Wisconsin", "408": "Menomonee Falls, Wisconsin", "409": "New Berlin, Wisconsin", "410": "Oak Creek, Wisconsin", "411": "West Allis, Wisconsin", "412": "West Bend, Wisconsin", "413": "Queen Creek, Arizona", "414": "San Luis, Arizona", "415": "Paso Robles, California", "416": "Los Altos, California", "417": "Los Gatos, California", "418": "San Carlos, California", "419": "San Pablo, California", "420": "Cooper City, Florida", "421": "Dania Beach, Florida", "422": "Miami Lakes, Florida", "423": "Winter Park, Florida", "424": "Post Falls, Idaho", "425": "Crown Point, Indiana", "426": "West Lafayette, Indiana", "427": "Dover, New Hampshire", "428": "Rochester, New Hampshire", "429": "Princeton, New Jersey", "430": "Cornelius, North Carolina", "431": "Fuquay-Varina, North Carolina", "432": "Garner, North Carolina", "433": "Holly Springs, North Carolina", "434": "Sanford, North Carolina", "435": "Aiken, South Carolina", "436": "Greer, South Carolina", "437": "Myrtle Beach, South Carolina", "438": "Mount Juliet, Tennessee", "439": "Spring Hill, Tennessee", "440": "Harker Heights, Texas", "441": "Little Elm, Texas", "442": "American Fork, Utah", "443": "Eagle Mountain, Utah", "444": "Saratoga Springs, Utah", "445": "Des Moines, Washington", "446": "Lake Stevens, Washington", "447": "Morgantown, West Virginia", "448": "Alabaster, Alabama", "449": "Auburn, Alabama", "450": "Birmingham, Alabama", "451": "Decatur, Alabama", "452": "Dothan, Alabama", "453": "Florence, Alabama", "454": "Gadsden, Alabama", "455": "Hoover, Alabama", "456": "Huntsville, Alabama", "457": "Madison, Alabama", "458": "Mobile, Alabama", "459": "Montgomery, Alabama", "460": "Prattville, Alabama", "461": "Tuscaloosa, Alabama", "462": "Anchorage, Alaska", "463": "Fairbanks, Alaska", "464": "Juneau, Alaska", "465": "Avondale, Arizona", "466": "Buckeye, Arizona", "467": "Chandler, Arizona", "468": "Flagstaff, Arizona", "469": "Gilbert, Arizona", "470": "Glendale, Arizona", "471": "Goodyear, Arizona", "472": "Marana, Arizona", "473": "Maricopa, Arizona", "474": "Mesa, Arizona", "475": "Peoria, Arizona", "476": "Phoenix, Arizona", "477": "Prescott, Arizona", "478": "Scottsdale, Arizona", "479": "Surprise, Arizona", "480": "Tempe, Arizona", "481": "Tucson, Arizona", "482": "Yuma, Arizona", "483": "Benton, Arkansas", "484": "Bentonville, Arkansas", "485": "Conway, Arkansas", "486": "Fayetteville, Arkansas", "487": "Jonesboro, Arkansas", "488": "Rogers, Arkansas", "489": "Springdale, Arkansas", "490": "Adelanto, California", "491": "Alameda, California", "492": "Alhambra, California", "493": "Anaheim, California", "494": "Antioch, California", "495": "Arcadia, California", "496": "Azusa, California", "497": "Bakersfield, California", "498": "Beaumont, California", "499": "Bell, California", "500": "Bellflower, California", "501": "Berkeley, California", "502": "Brea, California", "503": "Brentwood, California", "504": "Burbank, California", "505": "Calexico, California", "506": "Camarillo, California", "507": "Campbell, California", "508": "Carlsbad, California", "509": "Carson, California", "510": "Ceres, California", "511": "Cerritos, California", "512": "Chico, California", "513": "Chino, California", "514": "Claremont, California", "515": "Clovis, California", "516": "Coachella, California", "517": "Colton, California", "518": "Compton, California", "519": "Concord, California", "520": "Corona, California", "521": "Covina, California", "522": "Cupertino, California", "523": "Cypress, California", "524": "Danville, California", "525": "Davis, California", "526": "Delano, California", "527": "Downey, California", "528": "Dublin, California", "529": "Encinitas, California", "530": "Escondido, California", "531": "Fairfield, California", "532": "Folsom, California", "533": "Fontana, California", "534": "Fremont, California", "535": "Fresno, California", "536": "Fullerton, California", "537": "Gardena, California", "538": "Gilroy, California", "539": "Glendale, California", "540": "Glendora, California", "541": "Hanford, California", "542": "Hawthorne, California", "543": "Hayward, California", "544": "Hemet, California", "545": "Hesperia, California", "546": "Highland, California", "547": "Hollister, California", "548": "Indio, California", "549": "Inglewood, California", "550": "Irvine, California", "551": "Lakewood, California", "552": "Lancaster, California", "553": "Lawndale, California", "554": "Lincoln, California", "555": "Livermore, California", "556": "Lodi, California", "557": "Lompoc, California", "558": "Lynwood, California", "559": "Madera, California", "560": "Manteca, California", "561": "Martinez, California", "562": "Menifee, California", "563": "Merced, California", "564": "Milpitas, California", "565": "Modesto, California", "566": "Monrovia, California", "567": "Montclair, California", "568": "Montebello, California", "569": "Moorpark, California", "570": "Murrieta, California", "571": "Napa, California", "572": "Newark, California", "573": "Norwalk, California", "574": "Novato, California", "575": "Oakland, California", "576": "Oakley, California", "577": "Oceanside, California", "578": "Ontario, California", "579": "Orange, California", "580": "Oxnard, California", "581": "Pacifica, California", "582": "Palmdale, California", "583": "Paramount, California", "584": "Pasadena, California", "585": "Perris, California", "586": "Petaluma, California", "587": "Pittsburg, California", "588": "Placentia, California", "589": "Pleasanton, California", "590": "Pomona, California", "591": "Porterville, California", "592": "Poway, California", "593": "Redding, California", "594": "Redlands, California", "595": "Rialto, California", "596": "Richmond, California", "597": "Riverside, California", "598": "Rocklin, California", "599": "Rosemead, California", "600": "Roseville, California", "601": "Sacramento, California", "602": "Salinas, California", "603": "Santee, California", "604": "Seaside, California", "605": "Stanton, California", "606": "Stockton, California", "607": "Sunnyvale, California", "608": "Temecula, California", "609": "Torrance, California", "610": "Tracy, California", "611": "Tulare, California", "612": "Turlock, California", "613": "Tustin, California", "614": "Upland, California", "615": "Vacaville, California", "616": "Vallejo, California", "617": "Victorville, California", "618": "Visalia, California", "619": "Vista, California", "620": "Watsonville, California", "621": "Westminster, California", "622": "Whittier, California", "623": "Wildomar, California", "624": "Woodland, California", "625": "Yucaipa, California", "626": "Arvada, Colorado", "627": "Aurora, Colorado", "628": "Boulder, Colorado", "629": "Brighton, Colorado", "630": "Broomfield, Colorado", "631": "Centennial, Colorado", "632": "Denver, Colorado", "633": "Englewood, Colorado", "634": "Greeley, Colorado", "635": "Lakewood, Colorado", "636": "Littleton, Colorado", "637": "Longmont, Colorado", "638": "Loveland, Colorado", "639": "Northglenn, Colorado", "640": "Parker, Colorado", "641": "Pueblo, Colorado", "642": "Thornton, Colorado", "643": "Westminster, Colorado", "644": "Bridgeport, Connecticut", "645": "Bristol, Connecticut", "646": "Danbury, Connecticut", "647": "Hartford, Connecticut", "648": "Meriden, Connecticut", "649": "Middletown, Connecticut", "650": "Milford, Connecticut", "651": "Naugatuck, Connecticut", "652": "Norwalk, Connecticut", "653": "Norwich, Connecticut", "654": "Shelton, Connecticut", "655": "Stamford, Connecticut", "656": "Torrington, Connecticut", "657": "Waterbury, Connecticut", "658": "Dover, Delaware", "659": "Newark, Delaware", "660": "Wilmington, Delaware", "661": "Apopka, Florida", "662": "Aventura, Florida", "663": "Bradenton, Florida", "664": "Clearwater, Florida", "665": "Davie, Florida", "666": "Deltona, Florida", "667": "Doral, Florida", "668": "Dunedin, Florida", "669": "Gainesville, Florida", "670": "Greenacres, Florida", "671": "Hialeah, Florida", "672": "Hollywood, Florida", "673": "Homestead, Florida", "674": "Jacksonville, Florida", "675": "Jupiter, Florida", "676": "Kissimmee, Florida", "677": "Lakeland, Florida", "678": "Largo, Florida", "679": "Lauderhill, Florida", "680": "Margate, Florida", "681": "Melbourne, Florida", "682": "Miami, Florida", "683": "Miramar, Florida", "684": "Ocala, Florida", "685": "Ocoee, Florida", "686": "Orlando, Florida", "687": "Oviedo, Florida", "688": "Pensacola, Florida", "689": "Plantation, Florida", "690": "Sanford, Florida", "691": "Sarasota, Florida", "692": "Sunrise, Florida", "693": "Tallahassee, Florida", "694": "Tamarac, Florida", "695": "Tampa, Florida", "696": "Titusville, Florida", "697": "Wellington, Florida", "698": "Weston, Florida", "699": "Albany, Georgia", "700": "Alpharetta, Georgia", "701": "Atlanta, Georgia", "702": "Columbus, Georgia", "703": "Dalton, Georgia", "704": "Douglasville, Georgia", "705": "Dunwoody, Georgia", "706": "Gainesville, Georgia", "707": "Hinesville, Georgia", "708": "Marietta, Georgia", "709": "Milton, Georgia", "710": "Newnan, Georgia", "711": "Rome, Georgia", "712": "Roswell, Georgia", "713": "Savannah, Georgia", "714": "Smyrna, Georgia", "715": "Valdosta, Georgia", "716": "Caldwell, Idaho", "717": "Lewiston, Idaho", "718": "Meridian, Idaho", "719": "Nampa, Idaho", "720": "Pocatello, Idaho", "721": "Addison, Illinois", "722": "Algonquin, Illinois", "723": "Aurora, Illinois", "724": "Bartlett, Illinois", "725": "Belleville, Illinois", "726": "Berwyn, Illinois", "727": "Bloomington, Illinois", "728": "Bolingbrook, Illinois", "729": "Carpentersville, Illinois", "730": "Champaign, Illinois", "731": "Chicago, Illinois", "732": "Cicero, Illinois", "733": "Danville, Illinois", "734": "Decatur, Illinois", "735": "DeKalb, Illinois", "736": "Elgin, Illinois", "737": "Elmhurst, Illinois", "738": "Evanston, Illinois", "739": "Galesburg, Illinois", "740": "Glenview, Illinois", "741": "Gurnee, Illinois", "742": "Joliet, Illinois", "743": "Lombard, Illinois", "744": "Moline, Illinois", "745": "Mundelein, Illinois", "746": "Naperville, Illinois", "747": "Normal, Illinois", "748": "Northbrook, Illinois", "749": "Oswego, Illinois", "750": "Palatine, Illinois", "751": "Pekin, Illinois", "752": "Peoria, Illinois", "753": "Plainfield, Illinois", "754": "Quincy, Illinois", "755": "Rockford, Illinois", "756": "Romeoville, Illinois", "757": "Schaumburg, Illinois", "758": "Skokie, Illinois", "759": "Springfield, Illinois", "760": "Streamwood, Illinois", "761": "Urbana, Illinois", "762": "Waukegan, Illinois", "763": "Wheaton, Illinois", "764": "Wheeling, Illinois", "765": "Woodridge, Illinois", "766": "Anderson, Indiana", "767": "Bloomington, Indiana", "768": "Carmel, Indiana", "769": "Columbus, Indiana", "770": "Elkhart, Indiana", "771": "Evansville, Indiana", "772": "Fishers, Indiana", "773": "Gary, Indiana", "774": "Goshen, Indiana", "775": "Greenwood, Indiana", "776": "Hammond, Indiana", "777": "Indianapolis, Indiana", "778": "Jeffersonville, Indiana", "779": "Kokomo, Indiana", "780": "Lafayette, Indiana", "781": "Lawrence, Indiana", "782": "Merrillville, Indiana", "783": "Mishawaka, Indiana", "784": "Muncie, Indiana", "785": "Noblesville, Indiana", "786": "Portage, Indiana", "787": "Richmond, Indiana", "788": "Valparaiso, Indiana", "789": "Westfield, Indiana", "790": "Ames, Iowa", "791": "Ankeny, Iowa", "792": "Bettendorf, Iowa", "793": "Davenport, Iowa", "794": "Dubuque, Iowa", "795": "Marion, Iowa", "796": "Urbandale, Iowa", "797": "Waterloo, Iowa", "798": "Hutchinson, Kansas", "799": "Lawrence, Kansas", "800": "Leavenworth, Kansas", "801": "Leawood, Kansas", "802": "Lenexa, Kansas", "803": "Manhattan, Kansas", "804": "Olathe, Kansas", "805": "Salina, Kansas", "806": "Shawnee, Kansas", "807": "Topeka, Kansas", "808": "Wichita, Kansas", "809": "Covington, Kentucky", "810": "Hopkinsville, Kentucky", "811": "Lexington-Fayette, Kentucky", "812": "Owensboro, Kentucky", "813": "Richmond, Kentucky", "814": "Alexandria, Louisiana", "815": "Houma, Louisiana", "816": "Kenner, Louisiana", "817": "Lafayette, Louisiana", "818": "Monroe, Louisiana", "819": "Shreveport, Louisiana", "820": "Bangor, Maine", "821": "Lewiston, Maine", "822": "Portland, Maine", "823": "Annapolis, Maryland", "824": "Baltimore, Maryland", "825": "Bowie, Maryland", "826": "Frederick, Maryland", "827": "Gaithersburg, Maryland", "828": "Hagerstown, Maryland", "829": "Rockville, Maryland", "830": "Salisbury, Maryland", "831": "Attleboro, Massachusetts", "832": "Beverly, Massachusetts", "833": "Boston, Massachusetts", "834": "Brockton, Massachusetts", "835": "Cambridge, Massachusetts", "836": "Chelsea, Massachusetts", "837": "Chicopee, Massachusetts", "838": "Everett, Massachusetts", "839": "Fitchburg, Massachusetts", "840": "Haverhill, Massachusetts", "841": "Holyoke, Massachusetts", "842": "Lawrence, Massachusetts", "843": "Leominster, Massachusetts", "844": "Lowell, Massachusetts", "845": "Lynn, Massachusetts", "846": "Malden, Massachusetts", "847": "Marlborough, Massachusetts", "848": "Medford, Massachusetts", "849": "Newton, Massachusetts", "850": "Peabody, Massachusetts", "851": "Pittsfield, Massachusetts", "852": "Quincy, Massachusetts", "853": "Revere, Massachusetts", "854": "Salem, Massachusetts", "855": "Somerville, Massachusetts", "856": "Springfield, Massachusetts", "857": "Taunton, Massachusetts", "858": "Waltham, Massachusetts", "859": "Westfield, Massachusetts", "860": "Woburn, Massachusetts", "861": "Worcester, Massachusetts", "862": "Dearborn, Michigan", "863": "Detroit, Michigan", "864": "Eastpointe, Michigan", "865": "Flint, Michigan", "866": "Holland, Michigan", "867": "Jackson, Michigan", "868": "Kalamazoo, Michigan", "869": "Kentwood, Michigan", "870": "Lansing, Michigan", "871": "Livonia, Michigan", "872": "Midland, Michigan", "873": "Muskegon, Michigan", "874": "Novi, Michigan", "875": "Pontiac, Michigan", "876": "Portage, Michigan", "877": "Roseville, Michigan", "878": "Saginaw, Michigan", "879": "Southfield, Michigan", "880": "Southgate, Michigan", "881": "Taylor, Michigan", "882": "Troy, Michigan", "883": "Warren, Michigan", "884": "Westland, Michigan", "885": "Wyoming, Michigan", "886": "Andover, Minnesota", "887": "Blaine, Minnesota", "888": "Bloomington, Minnesota", "889": "Burnsville, Minnesota", "890": "Duluth, Minnesota", "891": "Eagan, Minnesota", "892": "Edina, Minnesota", "893": "Lakeville, Minnesota", "894": "Mankato, Minnesota", "895": "Maplewood, Minnesota", "896": "Minneapolis, Minnesota", "897": "Minnetonka, Minnesota", "898": "Moorhead, Minnesota", "899": "Plymouth, Minnesota", "900": "Richfield, Minnesota", "901": "Rochester, Minnesota", "902": "Roseville, Minnesota", "903": "Shakopee, Minnesota", "904": "Woodbury, Minnesota", "905": "Biloxi, Mississippi", "906": "Greenville, Mississippi", "907": "Gulfport, Mississippi", "908": "Hattiesburg, Mississippi", "909": "Jackson, Mississippi", "910": "Meridian, Mississippi", "911": "Southaven, Mississippi", "912": "Tupelo, Mississippi", "913": "Ballwin, Missouri", "914": "Chesterfield, Missouri", "915": "Columbia, Missouri", "916": "Florissant, Missouri", "917": "Independence, Missouri", "918": "Joplin, Missouri", "919": "Springfield, Missouri", "920": "Wildwood, Missouri", "921": "Billings, Montana", "922": "Bozeman, Montana", "923": "Missoula, Montana", "924": "Bellevue, Nebraska", "925": "Kearney, Nebraska", "926": "Lincoln, Nebraska", "927": "Omaha, Nebraska", "928": "Henderson, Nevada", "929": "Reno, Nevada", "930": "Sparks, Nevada", "931": "Akron, Ohio", "932": "Beavercreek, Ohio", "933": "Brunswick, Ohio", "934": "Canton, Ohio", "935": "Cincinnati, Ohio", "936": "Cleveland, Ohio", "937": "Columbus, Ohio", "938": "Dayton, Ohio", "939": "Delaware, Ohio", "940": "Dublin, Ohio", "941": "Elyria, Ohio", "942": "Euclid, Ohio", "943": "Fairborn, Ohio", "944": "Fairfield, Ohio", "945": "Findlay, Ohio", "946": "Gahanna, Ohio", "947": "Hamilton, Ohio", "948": "Kettering, Ohio", "949": "Lakewood, Ohio", "950": "Lancaster, Ohio", "951": "Lima, Ohio", "952": "Lorain, Ohio", "953": "Mansfield, Ohio", "954": "Marion, Ohio", "955": "Mason, Ohio", "956": "Massillon, Ohio", "957": "Mentor, Ohio", "958": "Middletown, Ohio", "959": "Newark, Ohio", "960": "Parma, Ohio", "961": "Reynoldsburg, Ohio", "962": "Springfield, Ohio", "963": "Stow, Ohio", "964": "Strongsville, Ohio", "965": "Toledo, Ohio", "966": "Warren, Ohio", "967": "Westerville, Ohio", "968": "Westlake, Ohio", "969": "Youngstown, Ohio", "970": "Bartlesville, Oklahoma", "971": "Edmond, Oklahoma", "972": "Enid, Oklahoma", "973": "Lawton, Oklahoma", "974": "Moore, Oklahoma", "975": "Muskogee, Oklahoma", "976": "Norman, Oklahoma", "977": "Stillwater, Oklahoma", "978": "Tulsa, Oklahoma", "979": "Albany, Oregon", "980": "Beaverton, Oregon", "981": "Bend, Oregon", "982": "Corvallis, Oregon", "983": "Eugene, Oregon", "984": "Gresham, Oregon", "985": "Hillsboro, Oregon", "986": "Keizer, Oregon", "987": "McMinnville, Oregon", "988": "Medford, Oregon", "989": "Portland, Oregon", "990": "Salem, Oregon", "991": "Springfield, Oregon", "992": "Tigard, Oregon", "993": "Allentown, Pennsylvania", "994": "Altoona, Pennsylvania", "995": "Bethlehem, Pennsylvania", "996": "Chester, Pennsylvania", "997": "Erie, Pennsylvania", "998": "Harrisburg, Pennsylvania", "999": "Lancaster, Pennsylvania", "1000": "Norristown, Pennsylvania", "1001": "Philadelphia, Pennsylvania", "1002": "Pittsburgh, Pennsylvania", "1003": "Reading, Pennsylvania", "1004": "Scranton, Pennsylvania", "1005": "Wilkes-Barre, Pennsylvania", "1006": "York, Pennsylvania", "1007": "Bartlett, Tennessee", "1008": "Brentwood, Tennessee", "1009": "Chattanooga, Tennessee", "1010": "Clarksville, Tennessee", "1011": "Cleveland, Tennessee", "1012": "Collierville, Tennessee", "1013": "Columbia, Tennessee", "1014": "Cookeville, Tennessee", "1015": "Franklin, Tennessee", "1016": "Gallatin, Tennessee", "1017": "Germantown, Tennessee", "1018": "Hendersonville, Tennessee", "1019": "Jackson, Tennessee", "1020": "Kingsport, Tennessee", "1021": "Knoxville, Tennessee", "1022": "Memphis, Tennessee", "1023": "Murfreesboro, Tennessee", "1024": "Nashville-Davidson, Tennessee", "1025": "Smyrna, Tennessee", "1026": "Abilene, Texas", "1027": "Allen, Texas", "1028": "Amarillo, Texas", "1029": "Arlington, Texas", "1030": "Austin, Texas", "1031": "Baytown, Texas", "1032": "Beaumont, Texas", "1033": "Bedford, Texas", "1034": "Brownsville, Texas", "1035": "Bryan, Texas", "1036": "Burleson, Texas", "1037": "Carrollton, Texas", "1038": "Conroe, Texas", "1039": "Coppell, Texas", "1040": "Dallas, Texas", "1041": "Denton, Texas", "1042": "DeSoto, Texas", "1043": "Duncanville, Texas", "1044": "Edinburg, Texas", "1045": "Euless, Texas", "1046": "Friendswood, Texas", "1047": "Frisco, Texas", "1048": "Galveston, Texas", "1049": "Garland, Texas", "1050": "Georgetown, Texas", "1051": "Grapevine, Texas", "1052": "Harlingen, Texas", "1053": "Houston, Texas", "1054": "Huntsville, Texas", "1055": "Hurst, Texas", "1056": "Irving, Texas", "1057": "Keller, Texas", "1058": "Killeen, Texas", "1059": "Lancaster, Texas", "1060": "Laredo, Texas", "1061": "Lewisville, Texas", "1062": "Longview, Texas", "1063": "Lubbock, Texas", "1064": "Lufkin, Texas", "1065": "McAllen, Texas", "1066": "McKinney, Texas", "1067": "Mansfield, Texas", "1068": "Mesquite, Texas", "1069": "Midland, Texas", "1070": "Mission, Texas", "1071": "Nacogdoches, Texas", "1072": "Odessa, Texas", "1073": "Pasadena, Texas", "1074": "Pearland, Texas", "1075": "Pflugerville, Texas", "1076": "Pharr, Texas", "1077": "Plano, Texas", "1078": "Richardson, Texas", "1079": "Rockwall, Texas", "1080": "Rosenberg, Texas", "1081": "Rowlett, Texas", "1082": "Schertz, Texas", "1083": "Sherman, Texas", "1084": "Socorro, Texas", "1085": "Temple, Texas", "1086": "Texarkana, Texas", "1087": "Tyler, Texas", "1088": "Victoria, Texas", "1089": "Waco, Texas", "1090": "Weslaco, Texas", "1091": "Wylie, Texas", "1092": "Bountiful, Utah", "1093": "Clearfield, Utah", "1094": "Draper, Utah", "1095": "Layton, Utah", "1096": "Lehi, Utah", "1097": "Logan, Utah", "1098": "Murray, Utah", "1099": "Ogden, Utah", "1100": "Orem, Utah", "1101": "Provo, Utah", "1102": "Riverton, Utah", "1103": "Roy, Utah", "1104": "Sandy, Utah", "1105": "Taylorsville, Utah", "1106": "Tooele, Utah", "1107": "Burlington, Vermont", "1108": "Alexandria, Virginia", "1109": "Blacksburg, Virginia", "1110": "Charlottesville, Virginia", "1111": "Chesapeake, Virginia", "1112": "Danville, Virginia", "1113": "Hampton, Virginia", "1114": "Harrisonburg, Virginia", "1115": "Leesburg, Virginia", "1116": "Lynchburg, Virginia", "1117": "Manassas, Virginia", "1118": "Norfolk, Virginia", "1119": "Petersburg, Virginia", "1120": "Portsmouth, Virginia", "1121": "Richmond, Virginia", "1122": "Roanoke, Virginia", "1123": "Suffolk, Virginia", "1124": "Auburn, Washington", "1125": "Bellevue, Washington", "1126": "Bellingham, Washington", "1127": "Bothell, Washington", "1128": "Bremerton, Washington", "1129": "Burien, Washington", "1130": "Edmonds, Washington", "1131": "Everett, Washington", "1132": "Issaquah, Washington", "1133": "Kennewick, Washington", "1134": "Kent, Washington", "1135": "Kirkland, Washington", "1136": "Lacey, Washington", "1137": "Lakewood, Washington", "1138": "Longview, Washington", "1139": "Lynnwood, Washington", "1140": "Marysville, Washington", "1141": "Olympia, Washington", "1142": "Pasco, Washington", "1143": "Puyallup, Washington", "1144": "Redmond, Washington", "1145": "Renton, Washington", "1146": "Richland, Washington", "1147": "Sammamish, Washington", "1148": "Seattle, Washington", "1149": "Shoreline, Washington", "1150": "Spokane, Washington", "1151": "Tacoma, Washington", "1152": "Vancouver, Washington", "1153": "Wenatchee, Washington", "1154": "Yakima, Washington", "1155": "Appleton, Wisconsin", "1156": "Beloit, Wisconsin", "1157": "Brookfield, Wisconsin", "1158": "Franklin, Wisconsin", "1159": "Greenfield, Wisconsin", "1160": "Janesville, Wisconsin", "1161": "Kenosha, Wisconsin", "1162": "Madison, Wisconsin", "1163": "Manitowoc, Wisconsin", "1164": "Milwaukee, Wisconsin", "1165": "Oshkosh, Wisconsin", "1166": "Racine, Wisconsin", "1167": "Sheboygan, Wisconsin", "1168": "Waukesha, Wisconsin", "1169": "Wausau, Wisconsin", "1170": "Wauwatosa, Wisconsin", "1171": "Casper, Wyoming", "1172": "Cheyenne, Wyoming", "1173": "Laramie, Wyoming", "1174": "Opelika, Alabama", "1175": "Kingman, Arizona", "1176": "Sahuarita, Arizona", "1177": "Sherwood, Arkansas", "1178": "Atascadero, California", "1179": "Banning, California", "1180": "Burlingame, California", "1181": "Goleta, California", "1182": "Saratoga, California", "1183": "Fountain, Colorado", "1184": "Lafayette, Colorado", "1185": "Windsor, Colorado", "1186": "Clermont, Florida", "1187": "Parkland, Florida", "1188": "Canton, Georgia", "1189": "Chamblee, Georgia", "1190": "Kennesaw, Georgia", "1191": "LaGrange, Georgia", "1192": "Lawrenceville, Georgia", "1193": "Statesboro, Georgia", "1194": "Woodstock, Georgia", "1195": "Plainfield, Indiana", "1196": "Elizabethtown, Kentucky", "1197": "Florence, Kentucky", "1198": "Georgetown, Kentucky", "1199": "Nicholasville, Kentucky", "1200": "Gloucester, Massachusetts", "1201": "Savage, Minnesota", "1202": "Liberty, Missouri", "1203": "Wentzville, Missouri", "1204": "Helena, Montana", "1205": "Hilliard, Ohio", "1206": "Owasso, Oklahoma", "1207": "Shawnee, Oklahoma", "1208": "Redmond, Oregon", "1209": "Lebanon, Tennessee", "1210": "Morristown, Tennessee", "1211": "Cibolo, Texas", "1212": "Cleburne, Texas", "1213": "Kyle, Texas", "1214": "Leander, Texas", "1215": "Midlothian, Texas", "1216": "Southlake, Texas", "1217": "Waxahachie, Texas", "1218": "Weatherford, Texas", "1219": "Herriman, Utah", "1220": "Holladay, Utah", "1221": "Kaysville, Utah", "1222": "Midvale, Utah", "1223": "Springville, Utah", "1224": "Syracuse, Utah", "1225": "Pullman, Washington", "1226": "Fitchburg, Wisconsin", "1227": "Gillette, Wyoming", "1228": "Elk Grove, California", "1229": "La Quinta, California", "1230": "San Clemente, California", "1231": "San Juan Capistrano, California", "1232": "New Britain, Connecticut", "1233": "Daytona Beach, Florida", "1234": "Lauderdale Lakes, Florida", "1235": "North Lauderdale, Florida", "1236": "Oakland Park, Florida", "1237": "Pinellas Park, Florida", "1238": "Port Orange, Florida", "1239": "Riviera Beach, Florida", "1240": "Royal Palm Beach, Florida", "1241": "Johns Creek, Georgia", "1242": "Calumet City, Illinois", "1243": "Carol Stream, Illinois", "1244": "Crystal Lake, Illinois", "1245": "Glendale Heights, Illinois", "1246": "Hanover Park, Illinois", "1247": "Hoffman Estates, Illinois", "1248": "North Chicago, Illinois", "1249": "Michigan City, Indiana", "1250": "West Des Moines, Iowa", "1251": "Bossier City, Louisiana", "1252": "Long Branch, New Jersey", "1253": "Sayreville, New Jersey", "1254": "Freeport, New York", "1255": "Spring Valley, New York", "1256": "Indian Trail, North Carolina", "1257": "Midwest City, Oklahoma", "1258": "Lake Oswego, Oregon", "1259": "West Jordan, Utah", "1260": "Federal Way, Washington", "1261": "Mount Vernon, Washington", "1262": "Spokane Valley, Washington", "1263": "Walla Walla, Washington", "1264": "Matthews, North Carolina", "1265": "West Fargo, North Dakota", "1266": "North Ridgeville, Ohio", "1267": "Farmers Branch, Texas", "1268": "Cedar City, Utah", "1269": "Sun Prairie, Wisconsin", "1270": "Ventura, California", "1271": "Honolulu, Hawaii", "1272": "Louisville, Kentucky", "1273": "Methuen, Massachusetts", "1274": "Watertown, Massachusetts", "1275": "Lee's Summit, Missouri", "1276": "O'Fallon, Missouri", "1277": "DeLand, Florida"}